PROJETO_BASE,IDP_PROJETO,prompt
001/24,2023-549-01,"Projeto: Projeto
IDP: 2023-549-01
Status Macro: Aquisição Equipamentos PJE
Objetos: nan
Apontamentos: Sem apontamentos

Com base nestas informações, responda em formato de resumo executivo:
1) Resumo do andamento em uma frase.
2) Principais riscos ou pendências em uma frase.
3) Uma mensagem curta sobre o status.
Use linguagem objetiva e concisa."
001/24,2023-549-01,"Projeto: Projeto
IDP: 2023-549-01
Status Macro: Cadastro
Objetos: nan
Apontamentos: Sem apontamentos

Com base nestas informações, responda em formato de resumo executivo:
1) Resumo do andamento em uma frase.
2) Principais riscos ou pendências em uma frase.
3) Uma mensagem curta sobre o status.
Use linguagem objetiva e concisa."
001/24,2023-549-01,"Projeto: Projeto
IDP: 2023-549-01
Status Macro: Gerenciamento
Objetos: nan
Apontamentos: Sem apontamentos

Com base nestas informações, responda em formato de resumo executivo:
1) Resumo do andamento em uma frase.
2) Principais riscos ou pendências em uma frase.
3) Uma mensagem curta sobre o status.
Use linguagem objetiva e concisa."
001/24,2023-549-01,"Projeto: Projeto
IDP: 2023-549-01
Status Macro: Histórico / Legado
Objetos: nan
Apontamentos: Sem apontamentos

Com base nestas informações, responda em formato de resumo executivo:
1) Resumo do andamento em uma frase.
2) Principais riscos ou pendências em uma frase.
3) Uma mensagem curta sobre o status.
Use linguagem objetiva e concisa."
001/24,2023-549-01,"Projeto: Projeto
IDP: 2023-549-01
Status Macro: Homologação da Solução
Objetos: nan
Apontamentos: Sem apontamentos

Com base nestas informações, responda em formato de resumo executivo:
1) Resumo do andamento em uma frase.
2) Principais riscos ou pendências em uma frase.
3) Uma mensagem curta sobre o status.
Use linguagem objetiva e concisa."
001/24,2023-549-01,"Projeto: Projeto
IDP: 2023-549-01
Status Macro: Passagem de Conhecimento
Objetos: nan
Apontamentos: Sem apontamentos

Com base nestas informações, responda em formato de resumo executivo:
1) Resumo do andamento em uma frase.
2) Principais riscos ou pendências em uma frase.
3) Uma mensagem curta sobre o status.
Use linguagem objetiva e concisa."
001/24,2023-549-01,"Projeto: Projeto
IDP: 2023-549-01
Status Macro: Projeto
Objetos: nan
Apontamentos: Sem apontamentos

Com base nestas informações, responda em formato de resumo executivo:
1) Resumo do andamento em uma frase.
2) Principais riscos ou pendências em uma frase.
3) Uma mensagem curta sobre o status.
Use linguagem objetiva e concisa."
001/24,2023-549-01,"Projeto: Projeto
IDP: 2023-549-01
Status Macro: Rollout
Objetos: nan
Apontamentos: Sem apontamentos

Com base nestas informações, responda em formato de resumo executivo:
1) Resumo do andamento em uma frase.
2) Principais riscos ou pendências em uma frase.
3) Uma mensagem curta sobre o status.
Use linguagem objetiva e concisa."
018/23,2022-134-01,"Projeto: Projeto
IDP: 2022-134-01
Status Macro: Passagem de Conhecimento
Objetos: nan
Apontamentos: Sem apontamentos

Com base nestas informações, responda em formato de resumo executivo:
1) Resumo do andamento em uma frase.
2) Principais riscos ou pendências em uma frase.
3) Uma mensagem curta sobre o status.
Use linguagem objetiva e concisa."
1006/25,2024-1012-01,"Projeto: Projeto
IDP: 2024-1012-01
Status Macro: Aquisição Equipamentos PJE
Objetos: nan
Apontamentos: Sem apontamentos

Com base nestas informações, responda em formato de resumo executivo:
1) Resumo do andamento em uma frase.
2) Principais riscos ou pendências em uma frase.
3) Uma mensagem curta sobre o status.
Use linguagem objetiva e concisa."
1006/25,2024-1012-01,"Projeto: Projeto
IDP: 2024-1012-01
Status Macro: Cadastro
Objetos: nan
Apontamentos: Sem apontamentos

Com base nestas informações, responda em formato de resumo executivo:
1) Resumo do andamento em uma frase.
2) Principais riscos ou pendências em uma frase.
3) Uma mensagem curta sobre o status.
Use linguagem objetiva e concisa."
1006/25,2024-1012-01,"Projeto: Projeto
IDP: 2024-1012-01
Status Macro: Contratação PJE
Objetos: nan
Apontamentos: Sem apontamentos

Com base nestas informações, responda em formato de resumo executivo:
1) Resumo do andamento em uma frase.
2) Principais riscos ou pendências em uma frase.
3) Uma mensagem curta sobre o status.
Use linguagem objetiva e concisa."
1006/25,2024-1012-01,"Projeto: Projeto
IDP: 2024-1012-01
Status Macro: Gerenciamento
Objetos: nan
Apontamentos: Sem apontamentos

Com base nestas informações, responda em formato de resumo executivo:
1) Resumo do andamento em uma frase.
2) Principais riscos ou pendências em uma frase.
3) Uma mensagem curta sobre o status.
Use linguagem objetiva e concisa."
1006/25,2024-1012-01,"Projeto: Projeto
IDP: 2024-1012-01
Status Macro: Histórico / Legado
Objetos: nan
Apontamentos: Sem apontamentos

Com base nestas informações, responda em formato de resumo executivo:
1) Resumo do andamento em uma frase.
2) Principais riscos ou pendências em uma frase.
3) Uma mensagem curta sobre o status.
Use linguagem objetiva e concisa."
1006/25,2024-1012-01,"Projeto: Projeto
IDP: 2024-1012-01
Status Macro: Homologação da Solução
Objetos: nan
Apontamentos: Sem apontamentos

Com base nestas informações, responda em formato de resumo executivo:
1) Resumo do andamento em uma frase.
2) Principais riscos ou pendências em uma frase.
3) Uma mensagem curta sobre o status.
Use linguagem objetiva e concisa."
1006/25,2024-1012-01,"Projeto: Projeto
IDP: 2024-1012-01
Status Macro: Passagem de Conhecimento
Objetos: nan
Apontamentos: Sem apontamentos

Com base nestas informações, responda em formato de resumo executivo:
1) Resumo do andamento em uma frase.
2) Principais riscos ou pendências em uma frase.
3) Uma mensagem curta sobre o status.
Use linguagem objetiva e concisa."
1006/25,2024-1012-01,"Projeto: Projeto
IDP: 2024-1012-01
Status Macro: Projeto
Objetos: nan
Apontamentos: Sem apontamentos

Com base nestas informações, responda em formato de resumo executivo:
1) Resumo do andamento em uma frase.
2) Principais riscos ou pendências em uma frase.
3) Uma mensagem curta sobre o status.
Use linguagem objetiva e concisa."
1006/25,2024-1012-01,"Projeto: Projeto
IDP: 2024-1012-01
Status Macro: Rollout
Objetos: nan
Apontamentos: Sem apontamentos

Com base nestas informações, responda em formato de resumo executivo:
1) Resumo do andamento em uma frase.
2) Principais riscos ou pendências em uma frase.
3) Uma mensagem curta sobre o status.
Use linguagem objetiva e concisa."
102/24,2020-001-01,"Projeto: Projeto
IDP: 2020-001-01
Status Macro: Aquisição Equipamentos PJE
Objetos: nan
Apontamentos: Sem apontamentos

Com base nestas informações, responda em formato de resumo executivo:
1) Resumo do andamento em uma frase.
2) Principais riscos ou pendências em uma frase.
3) Uma mensagem curta sobre o status.
Use linguagem objetiva e concisa."
102/24,2020-001-01,"Projeto: Projeto
IDP: 2020-001-01
Status Macro: Cadastro
Objetos: nan
Apontamentos: Sem apontamentos

Com base nestas informações, responda em formato de resumo executivo:
1) Resumo do andamento em uma frase.
2) Principais riscos ou pendências em uma frase.
3) Uma mensagem curta sobre o status.
Use linguagem objetiva e concisa."
102/24,2020-001-01,"Projeto: Projeto
IDP: 2020-001-01
Status Macro: Contratação PJE
Objetos: nan
Apontamentos: Sem apontamentos

Com base nestas informações, responda em formato de resumo executivo:
1) Resumo do andamento em uma frase.
2) Principais riscos ou pendências em uma frase.
3) Uma mensagem curta sobre o status.
Use linguagem objetiva e concisa."
102/24,2020-001-01,"Projeto: Projeto
IDP: 2020-001-01
Status Macro: Gerenciamento
Objetos: nan
Apontamentos: Sem apontamentos

Com base nestas informações, responda em formato de resumo executivo:
1) Resumo do andamento em uma frase.
2) Principais riscos ou pendências em uma frase.
3) Uma mensagem curta sobre o status.
Use linguagem objetiva e concisa."
102/24,2020-001-01,"Projeto: Projeto
IDP: 2020-001-01
Status Macro: Histórico / Legado
Objetos: nan
Apontamentos: Sem apontamentos

Com base nestas informações, responda em formato de resumo executivo:
1) Resumo do andamento em uma frase.
2) Principais riscos ou pendências em uma frase.
3) Uma mensagem curta sobre o status.
Use linguagem objetiva e concisa."
102/24,2020-001-01,"Projeto: Projeto
IDP: 2020-001-01
Status Macro: Homologação da Solução
Objetos: nan
Apontamentos: Sem apontamentos

Com base nestas informações, responda em formato de resumo executivo:
1) Resumo do andamento em uma frase.
2) Principais riscos ou pendências em uma frase.
3) Uma mensagem curta sobre o status.
Use linguagem objetiva e concisa."
102/24,2020-001-01,"Projeto: Projeto
IDP: 2020-001-01
Status Macro: Passagem de Conhecimento
Objetos: nan
Apontamentos: Sem apontamentos

Com base nestas informações, responda em formato de resumo executivo:
1) Resumo do andamento em uma frase.
2) Principais riscos ou pendências em uma frase.
3) Uma mensagem curta sobre o status.
Use linguagem objetiva e concisa."
102/24,2020-001-01,"Projeto: Projeto
IDP: 2020-001-01
Status Macro: Projeto
Objetos: nan
Apontamentos: Sem apontamentos

Com base nestas informações, responda em formato de resumo executivo:
1) Resumo do andamento em uma frase.
2) Principais riscos ou pendências em uma frase.
3) Uma mensagem curta sobre o status.
Use linguagem objetiva e concisa."
102/24,2020-001-01,"Projeto: Projeto
IDP: 2020-001-01
Status Macro: Rollout
Objetos: nan
Apontamentos: Sem apontamentos

Com base nestas informações, responda em formato de resumo executivo:
1) Resumo do andamento em uma frase.
2) Principais riscos ou pendências em uma frase.
3) Uma mensagem curta sobre o status.
Use linguagem objetiva e concisa."
1049/25,2025-0365-01,"Projeto: Projeto
IDP: 2025-0365-01
Status Macro: Passagem de Conhecimento
Objetos: nan
Apontamentos: Sem apontamentos

Com base nestas informações, responda em formato de resumo executivo:
1) Resumo do andamento em uma frase.
2) Principais riscos ou pendências em uma frase.
3) Uma mensagem curta sobre o status.
Use linguagem objetiva e concisa."
105/24,2023-061-01,"Projeto: Projeto
IDP: 2023-061-01
Status Macro: Cadastro
Objetos: nan
Apontamentos: Sem apontamentos

Com base nestas informações, responda em formato de resumo executivo:
1) Resumo do andamento em uma frase.
2) Principais riscos ou pendências em uma frase.
3) Uma mensagem curta sobre o status.
Use linguagem objetiva e concisa."
105/24,2023-061-01,"Projeto: Projeto
IDP: 2023-061-01
Status Macro: Contratação PJE
Objetos: nan
Apontamentos: Sem apontamentos

Com base nestas informações, responda em formato de resumo executivo:
1) Resumo do andamento em uma frase.
2) Principais riscos ou pendências em uma frase.
3) Uma mensagem curta sobre o status.
Use linguagem objetiva e concisa."
105/24,2023-061-01,"Projeto: Projeto
IDP: 2023-061-01
Status Macro: Gerenciamento
Objetos: nan
Apontamentos: Sem apontamentos

Com base nestas informações, responda em formato de resumo executivo:
1) Resumo do andamento em uma frase.
2) Principais riscos ou pendências em uma frase.
3) Uma mensagem curta sobre o status.
Use linguagem objetiva e concisa."
105/24,2023-061-01,"Projeto: Projeto
IDP: 2023-061-01
Status Macro: Histórico / Legado
Objetos: nan
Apontamentos: Sem apontamentos

Com base nestas informações, responda em formato de resumo executivo:
1) Resumo do andamento em uma frase.
2) Principais riscos ou pendências em uma frase.
3) Uma mensagem curta sobre o status.
Use linguagem objetiva e concisa."
105/24,2023-061-01,"Projeto: Projeto
IDP: 2023-061-01
Status Macro: Passagem de Conhecimento
Objetos: nan
Apontamentos: Sem apontamentos

Com base nestas informações, responda em formato de resumo executivo:
1) Resumo do andamento em uma frase.
2) Principais riscos ou pendências em uma frase.
3) Uma mensagem curta sobre o status.
Use linguagem objetiva e concisa."
105/24,2023-061-01,"Projeto: Projeto
IDP: 2023-061-01
Status Macro: Projeto
Objetos: nan
Apontamentos: Sem apontamentos

Com base nestas informações, responda em formato de resumo executivo:
1) Resumo do andamento em uma frase.
2) Principais riscos ou pendências em uma frase.
3) Uma mensagem curta sobre o status.
Use linguagem objetiva e concisa."
105/24,2023-061-01,"Projeto: Projeto
IDP: 2023-061-01
Status Macro: Rollout
Objetos: nan
Apontamentos: Sem apontamentos

Com base nestas informações, responda em formato de resumo executivo:
1) Resumo do andamento em uma frase.
2) Principais riscos ou pendências em uma frase.
3) Uma mensagem curta sobre o status.
Use linguagem objetiva e concisa."
1050/25,2015-230-07,"Projeto: Projeto
IDP: 2015-230-07
Status Macro: Passagem de Conhecimento
Objetos: nan
Apontamentos: Sem apontamentos

Com base nestas informações, responda em formato de resumo executivo:
1) Resumo do andamento em uma frase.
2) Principais riscos ou pendências em uma frase.
3) Uma mensagem curta sobre o status.
Use linguagem objetiva e concisa."
1066/25,2024-998-01,"Projeto: Projeto
IDP: 2024-998-01
Status Macro: Aquisição Equipamentos PJE
Objetos: nan
Apontamentos: Sem apontamentos

Com base nestas informações, responda em formato de resumo executivo:
1) Resumo do andamento em uma frase.
2) Principais riscos ou pendências em uma frase.
3) Uma mensagem curta sobre o status.
Use linguagem objetiva e concisa."
1066/25,2024-998-01,"Projeto: Projeto
IDP: 2024-998-01
Status Macro: Cadastro
Objetos: nan
Apontamentos: Sem apontamentos

Com base nestas informações, responda em formato de resumo executivo:
1) Resumo do andamento em uma frase.
2) Principais riscos ou pendências em uma frase.
3) Uma mensagem curta sobre o status.
Use linguagem objetiva e concisa."
1066/25,2024-998-01,"Projeto: Projeto
IDP: 2024-998-01
Status Macro: Contratação PJE
Objetos: nan
Apontamentos: Sem apontamentos

Com base nestas informações, responda em formato de resumo executivo:
1) Resumo do andamento em uma frase.
2) Principais riscos ou pendências em uma frase.
3) Uma mensagem curta sobre o status.
Use linguagem objetiva e concisa."
1066/25,2024-998-01,"Projeto: Projeto
IDP: 2024-998-01
Status Macro: Gerenciamento
Objetos: nan
Apontamentos: Sem apontamentos

Com base nestas informações, responda em formato de resumo executivo:
1) Resumo do andamento em uma frase.
2) Principais riscos ou pendências em uma frase.
3) Uma mensagem curta sobre o status.
Use linguagem objetiva e concisa."
1066/25,2024-998-01,"Projeto: Projeto
IDP: 2024-998-01
Status Macro: Histórico / Legado
Objetos: nan
Apontamentos: Sem apontamentos

Com base nestas informações, responda em formato de resumo executivo:
1) Resumo do andamento em uma frase.
2) Principais riscos ou pendências em uma frase.
3) Uma mensagem curta sobre o status.
Use linguagem objetiva e concisa."
1066/25,2024-998-01,"Projeto: Projeto
IDP: 2024-998-01
Status Macro: Homologação da Solução
Objetos: nan
Apontamentos: Sem apontamentos

Com base nestas informações, responda em formato de resumo executivo:
1) Resumo do andamento em uma frase.
2) Principais riscos ou pendências em uma frase.
3) Uma mensagem curta sobre o status.
Use linguagem objetiva e concisa."
1066/25,2024-998-01,"Projeto: Projeto
IDP: 2024-998-01
Status Macro: Passagem de Conhecimento
Objetos: nan
Apontamentos: Sem apontamentos

Com base nestas informações, responda em formato de resumo executivo:
1) Resumo do andamento em uma frase.
2) Principais riscos ou pendências em uma frase.
3) Uma mensagem curta sobre o status.
Use linguagem objetiva e concisa."
1066/25,2024-998-01,"Projeto: Projeto
IDP: 2024-998-01
Status Macro: Projeto
Objetos: nan
Apontamentos: Sem apontamentos

Com base nestas informações, responda em formato de resumo executivo:
1) Resumo do andamento em uma frase.
2) Principais riscos ou pendências em uma frase.
3) Uma mensagem curta sobre o status.
Use linguagem objetiva e concisa."
1066/25,2024-998-01,"Projeto: Projeto
IDP: 2024-998-01
Status Macro: Rollout
Objetos: nan
Apontamentos: Sem apontamentos

Com base nestas informações, responda em formato de resumo executivo:
1) Resumo do andamento em uma frase.
2) Principais riscos ou pendências em uma frase.
3) Uma mensagem curta sobre o status.
Use linguagem objetiva e concisa."
1067/25,2024-0253-01,"Projeto: Projeto
IDP: 2024-0253-01
Status Macro: Aquisição Equipamentos PJE
Objetos: nan
Apontamentos: Sem apontamentos

Com base nestas informações, responda em formato de resumo executivo:
1) Resumo do andamento em uma frase.
2) Principais riscos ou pendências em uma frase.
3) Uma mensagem curta sobre o status.
Use linguagem objetiva e concisa."
1067/25,2024-0253-01,"Projeto: Projeto
IDP: 2024-0253-01
Status Macro: Cadastro
Objetos: nan
Apontamentos: Sem apontamentos

Com base nestas informações, responda em formato de resumo executivo:
1) Resumo do andamento em uma frase.
2) Principais riscos ou pendências em uma frase.
3) Uma mensagem curta sobre o status.
Use linguagem objetiva e concisa."
1067/25,2024-0253-01,"Projeto: Projeto
IDP: 2024-0253-01
Status Macro: Contratação PJE
Objetos: nan
Apontamentos: Sem apontamentos

Com base nestas informações, responda em formato de resumo executivo:
1) Resumo do andamento em uma frase.
2) Principais riscos ou pendências em uma frase.
3) Uma mensagem curta sobre o status.
Use linguagem objetiva e concisa."
1067/25,2024-0253-01,"Projeto: Projeto
IDP: 2024-0253-01
Status Macro: Gerenciamento
Objetos: nan
Apontamentos: Sem apontamentos

Com base nestas informações, responda em formato de resumo executivo:
1) Resumo do andamento em uma frase.
2) Principais riscos ou pendências em uma frase.
3) Uma mensagem curta sobre o status.
Use linguagem objetiva e concisa."
1067/25,2024-0253-01,"Projeto: Projeto
IDP: 2024-0253-01
Status Macro: Homologação da Solução
Objetos: nan
Apontamentos: Sem apontamentos

Com base nestas informações, responda em formato de resumo executivo:
1) Resumo do andamento em uma frase.
2) Principais riscos ou pendências em uma frase.
3) Uma mensagem curta sobre o status.
Use linguagem objetiva e concisa."
1067/25,2024-0253-01,"Projeto: Projeto
IDP: 2024-0253-01
Status Macro: Passagem de Conhecimento
Objetos: nan
Apontamentos: Sem apontamentos

Com base nestas informações, responda em formato de resumo executivo:
1) Resumo do andamento em uma frase.
2) Principais riscos ou pendências em uma frase.
3) Uma mensagem curta sobre o status.
Use linguagem objetiva e concisa."
1067/25,2024-0253-01,"Projeto: Projeto
IDP: 2024-0253-01
Status Macro: Projeto
Objetos: nan
Apontamentos: Sem apontamentos

Com base nestas informações, responda em formato de resumo executivo:
1) Resumo do andamento em uma frase.
2) Principais riscos ou pendências em uma frase.
3) Uma mensagem curta sobre o status.
Use linguagem objetiva e concisa."
1067/25,2024-0253-01,"Projeto: Projeto
IDP: 2024-0253-01
Status Macro: Rollout
Objetos: nan
Apontamentos: Sem apontamentos

Com base nestas informações, responda em formato de resumo executivo:
1) Resumo do andamento em uma frase.
2) Principais riscos ou pendências em uma frase.
3) Uma mensagem curta sobre o status.
Use linguagem objetiva e concisa."
1078/25,2023-623-02,"Projeto: Projeto
IDP: 2023-623-02
Status Macro: Aquisição Equipamentos PJE
Objetos: nan
Apontamentos: Sem apontamentos

Com base nestas informações, responda em formato de resumo executivo:
1) Resumo do andamento em uma frase.
2) Principais riscos ou pendências em uma frase.
3) Uma mensagem curta sobre o status.
Use linguagem objetiva e concisa."
1078/25,2023-623-02,"Projeto: Projeto
IDP: 2023-623-02
Status Macro: Cadastro
Objetos: nan
Apontamentos: Sem apontamentos

Com base nestas informações, responda em formato de resumo executivo:
1) Resumo do andamento em uma frase.
2) Principais riscos ou pendências em uma frase.
3) Uma mensagem curta sobre o status.
Use linguagem objetiva e concisa."
1078/25,2023-623-02,"Projeto: Projeto
IDP: 2023-623-02
Status Macro: Contratação PJE
Objetos: nan
Apontamentos: Sem apontamentos

Com base nestas informações, responda em formato de resumo executivo:
1) Resumo do andamento em uma frase.
2) Principais riscos ou pendências em uma frase.
3) Uma mensagem curta sobre o status.
Use linguagem objetiva e concisa."
1078/25,2023-623-02,"Projeto: Projeto
IDP: 2023-623-02
Status Macro: Gerenciamento
Objetos: nan
Apontamentos: Sem apontamentos

Com base nestas informações, responda em formato de resumo executivo:
1) Resumo do andamento em uma frase.
2) Principais riscos ou pendências em uma frase.
3) Uma mensagem curta sobre o status.
Use linguagem objetiva e concisa."
1078/25,2023-623-02,"Projeto: Projeto
IDP: 2023-623-02
Status Macro: Histórico / Legado
Objetos: nan
Apontamentos: Sem apontamentos

Com base nestas informações, responda em formato de resumo executivo:
1) Resumo do andamento em uma frase.
2) Principais riscos ou pendências em uma frase.
3) Uma mensagem curta sobre o status.
Use linguagem objetiva e concisa."
1078/25,2023-623-02,"Projeto: Projeto
IDP: 2023-623-02
Status Macro: Homologação da Solução
Objetos: nan
Apontamentos: Sem apontamentos

Com base nestas informações, responda em formato de resumo executivo:
1) Resumo do andamento em uma frase.
2) Principais riscos ou pendências em uma frase.
3) Uma mensagem curta sobre o status.
Use linguagem objetiva e concisa."
1078/25,2023-623-02,"Projeto: Projeto
IDP: 2023-623-02
Status Macro: Passagem de Conhecimento
Objetos: nan
Apontamentos: Sem apontamentos

Com base nestas informações, responda em formato de resumo executivo:
1) Resumo do andamento em uma frase.
2) Principais riscos ou pendências em uma frase.
3) Uma mensagem curta sobre o status.
Use linguagem objetiva e concisa."
1078/25,2023-623-02,"Projeto: Projeto
IDP: 2023-623-02
Status Macro: Projeto
Objetos: nan
Apontamentos: Sem apontamentos

Com base nestas informações, responda em formato de resumo executivo:
1) Resumo do andamento em uma frase.
2) Principais riscos ou pendências em uma frase.
3) Uma mensagem curta sobre o status.
Use linguagem objetiva e concisa."
1078/25,2023-623-02,"Projeto: Projeto
IDP: 2023-623-02
Status Macro: Rollout
Objetos: nan
Apontamentos: Sem apontamentos

Com base nestas informações, responda em formato de resumo executivo:
1) Resumo do andamento em uma frase.
2) Principais riscos ou pendências em uma frase.
3) Uma mensagem curta sobre o status.
Use linguagem objetiva e concisa."
1094/25,2025-0598-01,"Projeto: Projeto
IDP: 2025-0598-01
Status Macro: Passagem de Conhecimento
Objetos: nan
Apontamentos: Sem apontamentos

Com base nestas informações, responda em formato de resumo executivo:
1) Resumo do andamento em uma frase.
2) Principais riscos ou pendências em uma frase.
3) Uma mensagem curta sobre o status.
Use linguagem objetiva e concisa."
1108/25,2025-0446-01,"Projeto: Projeto
IDP: 2025-0446-01
Status Macro: Passagem de Conhecimento
Objetos: nan
Apontamentos: Sem apontamentos

Com base nestas informações, responda em formato de resumo executivo:
1) Resumo do andamento em uma frase.
2) Principais riscos ou pendências em uma frase.
3) Uma mensagem curta sobre o status.
Use linguagem objetiva e concisa."
1125/25,2025-0215-02,"Projeto: Projeto
IDP: 2025-0215-02
Status Macro: Passagem de Conhecimento
Objetos: nan
Apontamentos: Sem apontamentos

Com base nestas informações, responda em formato de resumo executivo:
1) Resumo do andamento em uma frase.
2) Principais riscos ou pendências em uma frase.
3) Uma mensagem curta sobre o status.
Use linguagem objetiva e concisa."
113/24,2023-303-01,"Projeto: Projeto
IDP: 2023-303-01
Status Macro: Cadastro
Objetos: nan
Apontamentos: Sem apontamentos

Com base nestas informações, responda em formato de resumo executivo:
1) Resumo do andamento em uma frase.
2) Principais riscos ou pendências em uma frase.
3) Uma mensagem curta sobre o status.
Use linguagem objetiva e concisa."
113/24,2023-303-01,"Projeto: Projeto
IDP: 2023-303-01
Status Macro: Passagem de Conhecimento
Objetos: nan
Apontamentos: Sem apontamentos

Com base nestas informações, responda em formato de resumo executivo:
1) Resumo do andamento em uma frase.
2) Principais riscos ou pendências em uma frase.
3) Uma mensagem curta sobre o status.
Use linguagem objetiva e concisa."
1165/25,2024-0383-01,"Projeto: Projeto
IDP: 2024-0383-01
Status Macro: Aquisição Equipamentos PJE
Objetos: nan
Apontamentos: Sem apontamentos

Com base nestas informações, responda em formato de resumo executivo:
1) Resumo do andamento em uma frase.
2) Principais riscos ou pendências em uma frase.
3) Uma mensagem curta sobre o status.
Use linguagem objetiva e concisa."
1165/25,2024-0383-01,"Projeto: Projeto
IDP: 2024-0383-01
Status Macro: Homologação da Solução
Objetos: nan
Apontamentos: Sem apontamentos

Com base nestas informações, responda em formato de resumo executivo:
1) Resumo do andamento em uma frase.
2) Principais riscos ou pendências em uma frase.
3) Uma mensagem curta sobre o status.
Use linguagem objetiva e concisa."
1165/25,2024-0383-01,"Projeto: Projeto
IDP: 2024-0383-01
Status Macro: Passagem de Conhecimento
Objetos: nan
Apontamentos: Sem apontamentos

Com base nestas informações, responda em formato de resumo executivo:
1) Resumo do andamento em uma frase.
2) Principais riscos ou pendências em uma frase.
3) Uma mensagem curta sobre o status.
Use linguagem objetiva e concisa."
1165/25,2024-0383-01,"Projeto: Projeto
IDP: 2024-0383-01
Status Macro: Rollout
Objetos: nan
Apontamentos: Sem apontamentos

Com base nestas informações, responda em formato de resumo executivo:
1) Resumo do andamento em uma frase.
2) Principais riscos ou pendências em uma frase.
3) Uma mensagem curta sobre o status.
Use linguagem objetiva e concisa."
1168/25,2024-1310-02,"Projeto: Projeto
IDP: 2024-1310-02
Status Macro: Aquisição Equipamentos PJE
Objetos: nan
Apontamentos: Sem apontamentos

Com base nestas informações, responda em formato de resumo executivo:
1) Resumo do andamento em uma frase.
2) Principais riscos ou pendências em uma frase.
3) Uma mensagem curta sobre o status.
Use linguagem objetiva e concisa."
1168/25,2024-1310-02,"Projeto: Projeto
IDP: 2024-1310-02
Status Macro: Contratação PJE
Objetos: nan
Apontamentos: Sem apontamentos

Com base nestas informações, responda em formato de resumo executivo:
1) Resumo do andamento em uma frase.
2) Principais riscos ou pendências em uma frase.
3) Uma mensagem curta sobre o status.
Use linguagem objetiva e concisa."
1168/25,2024-1310-02,"Projeto: Projeto
IDP: 2024-1310-02
Status Macro: Passagem de Conhecimento
Objetos: nan
Apontamentos: Sem apontamentos

Com base nestas informações, responda em formato de resumo executivo:
1) Resumo do andamento em uma frase.
2) Principais riscos ou pendências em uma frase.
3) Uma mensagem curta sobre o status.
Use linguagem objetiva e concisa."
1175/25,2025-0339-01,"Projeto: Projeto
IDP: 2025-0339-01
Status Macro: Aquisição Equipamentos PJE
Objetos: nan
Apontamentos: Sem apontamentos

Com base nestas informações, responda em formato de resumo executivo:
1) Resumo do andamento em uma frase.
2) Principais riscos ou pendências em uma frase.
3) Uma mensagem curta sobre o status.
Use linguagem objetiva e concisa."
1175/25,2025-0339-01,"Projeto: Projeto
IDP: 2025-0339-01
Status Macro: Passagem de Conhecimento
Objetos: nan
Apontamentos: Sem apontamentos

Com base nestas informações, responda em formato de resumo executivo:
1) Resumo do andamento em uma frase.
2) Principais riscos ou pendências em uma frase.
3) Uma mensagem curta sobre o status.
Use linguagem objetiva e concisa."
1175/25,2025-0339-01,"Projeto: Projeto
IDP: 2025-0339-01
Status Macro: Rollout
Objetos: nan
Apontamentos: Sem apontamentos

Com base nestas informações, responda em formato de resumo executivo:
1) Resumo do andamento em uma frase.
2) Principais riscos ou pendências em uma frase.
3) Uma mensagem curta sobre o status.
Use linguagem objetiva e concisa."
118/24,2023-810-02,"Projeto: Projeto
IDP: 2023-810-02
Status Macro: Aquisição Equipamentos PJE
Objetos: nan
Apontamentos: Sem apontamentos

Com base nestas informações, responda em formato de resumo executivo:
1) Resumo do andamento em uma frase.
2) Principais riscos ou pendências em uma frase.
3) Uma mensagem curta sobre o status.
Use linguagem objetiva e concisa."
118/24,2023-810-02,"Projeto: Projeto
IDP: 2023-810-02
Status Macro: Cadastro
Objetos: nan
Apontamentos: Sem apontamentos

Com base nestas informações, responda em formato de resumo executivo:
1) Resumo do andamento em uma frase.
2) Principais riscos ou pendências em uma frase.
3) Uma mensagem curta sobre o status.
Use linguagem objetiva e concisa."
118/24,2023-810-02,"Projeto: Projeto
IDP: 2023-810-02
Status Macro: Contratação PJE
Objetos: nan
Apontamentos: Sem apontamentos

Com base nestas informações, responda em formato de resumo executivo:
1) Resumo do andamento em uma frase.
2) Principais riscos ou pendências em uma frase.
3) Uma mensagem curta sobre o status.
Use linguagem objetiva e concisa."
118/24,2023-810-02,"Projeto: Projeto
IDP: 2023-810-02
Status Macro: Gerenciamento
Objetos: nan
Apontamentos: Sem apontamentos

Com base nestas informações, responda em formato de resumo executivo:
1) Resumo do andamento em uma frase.
2) Principais riscos ou pendências em uma frase.
3) Uma mensagem curta sobre o status.
Use linguagem objetiva e concisa."
118/24,2023-810-02,"Projeto: Projeto
IDP: 2023-810-02
Status Macro: Histórico / Legado
Objetos: nan
Apontamentos: Sem apontamentos

Com base nestas informações, responda em formato de resumo executivo:
1) Resumo do andamento em uma frase.
2) Principais riscos ou pendências em uma frase.
3) Uma mensagem curta sobre o status.
Use linguagem objetiva e concisa."
118/24,2023-810-02,"Projeto: Projeto
IDP: 2023-810-02
Status Macro: Homologação da Solução
Objetos: nan
Apontamentos: Sem apontamentos

Com base nestas informações, responda em formato de resumo executivo:
1) Resumo do andamento em uma frase.
2) Principais riscos ou pendências em uma frase.
3) Uma mensagem curta sobre o status.
Use linguagem objetiva e concisa."
118/24,2023-810-02,"Projeto: Projeto
IDP: 2023-810-02
Status Macro: Passagem de Conhecimento
Objetos: nan
Apontamentos: Sem apontamentos

Com base nestas informações, responda em formato de resumo executivo:
1) Resumo do andamento em uma frase.
2) Principais riscos ou pendências em uma frase.
3) Uma mensagem curta sobre o status.
Use linguagem objetiva e concisa."
118/24,2023-810-02,"Projeto: Projeto
IDP: 2023-810-02
Status Macro: Projeto
Objetos: nan
Apontamentos: Sem apontamentos

Com base nestas informações, responda em formato de resumo executivo:
1) Resumo do andamento em uma frase.
2) Principais riscos ou pendências em uma frase.
3) Uma mensagem curta sobre o status.
Use linguagem objetiva e concisa."
118/24,2023-810-02,"Projeto: Projeto
IDP: 2023-810-02
Status Macro: Rollout
Objetos: nan
Apontamentos: Sem apontamentos

Com base nestas informações, responda em formato de resumo executivo:
1) Resumo do andamento em uma frase.
2) Principais riscos ou pendências em uma frase.
3) Uma mensagem curta sobre o status.
Use linguagem objetiva e concisa."
119/24,2023-694-02,"Projeto: Projeto
IDP: 2023-694-02
Status Macro: Aquisição Equipamentos PJE
Objetos: nan
Apontamentos: Sem apontamentos

Com base nestas informações, responda em formato de resumo executivo:
1) Resumo do andamento em uma frase.
2) Principais riscos ou pendências em uma frase.
3) Uma mensagem curta sobre o status.
Use linguagem objetiva e concisa."
119/24,2023-694-02,"Projeto: Projeto
IDP: 2023-694-02
Status Macro: Cadastro
Objetos: nan
Apontamentos: Sem apontamentos

Com base nestas informações, responda em formato de resumo executivo:
1) Resumo do andamento em uma frase.
2) Principais riscos ou pendências em uma frase.
3) Uma mensagem curta sobre o status.
Use linguagem objetiva e concisa."
119/24,2023-694-02,"Projeto: Projeto
IDP: 2023-694-02
Status Macro: Contratação PJE
Objetos: nan
Apontamentos: Sem apontamentos

Com base nestas informações, responda em formato de resumo executivo:
1) Resumo do andamento em uma frase.
2) Principais riscos ou pendências em uma frase.
3) Uma mensagem curta sobre o status.
Use linguagem objetiva e concisa."
119/24,2023-694-02,"Projeto: Projeto
IDP: 2023-694-02
Status Macro: Gerenciamento
Objetos: nan
Apontamentos: Sem apontamentos

Com base nestas informações, responda em formato de resumo executivo:
1) Resumo do andamento em uma frase.
2) Principais riscos ou pendências em uma frase.
3) Uma mensagem curta sobre o status.
Use linguagem objetiva e concisa."
119/24,2023-694-02,"Projeto: Projeto
IDP: 2023-694-02
Status Macro: Histórico / Legado
Objetos: nan
Apontamentos: Sem apontamentos

Com base nestas informações, responda em formato de resumo executivo:
1) Resumo do andamento em uma frase.
2) Principais riscos ou pendências em uma frase.
3) Uma mensagem curta sobre o status.
Use linguagem objetiva e concisa."
119/24,2023-694-02,"Projeto: Projeto
IDP: 2023-694-02
Status Macro: Homologação da Solução
Objetos: nan
Apontamentos: Sem apontamentos

Com base nestas informações, responda em formato de resumo executivo:
1) Resumo do andamento em uma frase.
2) Principais riscos ou pendências em uma frase.
3) Uma mensagem curta sobre o status.
Use linguagem objetiva e concisa."
119/24,2023-694-02,"Projeto: Projeto
IDP: 2023-694-02
Status Macro: Passagem de Conhecimento
Objetos: nan
Apontamentos: Sem apontamentos

Com base nestas informações, responda em formato de resumo executivo:
1) Resumo do andamento em uma frase.
2) Principais riscos ou pendências em uma frase.
3) Uma mensagem curta sobre o status.
Use linguagem objetiva e concisa."
119/24,2023-694-02,"Projeto: Projeto
IDP: 2023-694-02
Status Macro: Projeto
Objetos: nan
Apontamentos: Sem apontamentos

Com base nestas informações, responda em formato de resumo executivo:
1) Resumo do andamento em uma frase.
2) Principais riscos ou pendências em uma frase.
3) Uma mensagem curta sobre o status.
Use linguagem objetiva e concisa."
119/24,2023-694-02,"Projeto: Projeto
IDP: 2023-694-02
Status Macro: Rollout
Objetos: nan
Apontamentos: Sem apontamentos

Com base nestas informações, responda em formato de resumo executivo:
1) Resumo do andamento em uma frase.
2) Principais riscos ou pendências em uma frase.
3) Uma mensagem curta sobre o status.
Use linguagem objetiva e concisa."
1190/25,2025-0026-01,"Projeto: Projeto
IDP: 2025-0026-01
Status Macro: Passagem de Conhecimento
Objetos: nan
Apontamentos: Sem apontamentos

Com base nestas informações, responda em formato de resumo executivo:
1) Resumo do andamento em uma frase.
2) Principais riscos ou pendências em uma frase.
3) Uma mensagem curta sobre o status.
Use linguagem objetiva e concisa."
1194/25,2025-0026-01,"Projeto: Projeto
IDP: 2025-0026-01
Status Macro: Passagem de Conhecimento
Objetos: nan
Apontamentos: Sem apontamentos

Com base nestas informações, responda em formato de resumo executivo:
1) Resumo do andamento em uma frase.
2) Principais riscos ou pendências em uma frase.
3) Uma mensagem curta sobre o status.
Use linguagem objetiva e concisa."
1198/25,2025-0013-01,"Projeto: Projeto
IDP: 2025-0013-01
Status Macro: Aquisição Equipamentos PJE
Objetos: nan
Apontamentos: Sem apontamentos

Com base nestas informações, responda em formato de resumo executivo:
1) Resumo do andamento em uma frase.
2) Principais riscos ou pendências em uma frase.
3) Uma mensagem curta sobre o status.
Use linguagem objetiva e concisa."
1198/25,2025-0013-01,"Projeto: Projeto
IDP: 2025-0013-01
Status Macro: Gerenciamento
Objetos: nan
Apontamentos: Sem apontamentos

Com base nestas informações, responda em formato de resumo executivo:
1) Resumo do andamento em uma frase.
2) Principais riscos ou pendências em uma frase.
3) Uma mensagem curta sobre o status.
Use linguagem objetiva e concisa."
1198/25,2025-0013-01,"Projeto: Projeto
IDP: 2025-0013-01
Status Macro: Homologação da Solução
Objetos: nan
Apontamentos: Sem apontamentos

Com base nestas informações, responda em formato de resumo executivo:
1) Resumo do andamento em uma frase.
2) Principais riscos ou pendências em uma frase.
3) Uma mensagem curta sobre o status.
Use linguagem objetiva e concisa."
1198/25,2025-0013-01,"Projeto: Projeto
IDP: 2025-0013-01
Status Macro: Passagem de Conhecimento
Objetos: nan
Apontamentos: Sem apontamentos

Com base nestas informações, responda em formato de resumo executivo:
1) Resumo do andamento em uma frase.
2) Principais riscos ou pendências em uma frase.
3) Uma mensagem curta sobre o status.
Use linguagem objetiva e concisa."
1199/25,2024-971-02,"Projeto: Projeto
IDP: 2024-971-02
Status Macro: Aquisição Equipamentos PJE
Objetos: nan
Apontamentos: Sem apontamentos

Com base nestas informações, responda em formato de resumo executivo:
1) Resumo do andamento em uma frase.
2) Principais riscos ou pendências em uma frase.
3) Uma mensagem curta sobre o status.
Use linguagem objetiva e concisa."
1199/25,2024-971-02,"Projeto: Projeto
IDP: 2024-971-02
Status Macro: Cadastro
Objetos: nan
Apontamentos: Sem apontamentos

Com base nestas informações, responda em formato de resumo executivo:
1) Resumo do andamento em uma frase.
2) Principais riscos ou pendências em uma frase.
3) Uma mensagem curta sobre o status.
Use linguagem objetiva e concisa."
1199/25,2024-971-02,"Projeto: Projeto
IDP: 2024-971-02
Status Macro: Rollout
Objetos: nan
Apontamentos: Sem apontamentos

Com base nestas informações, responda em formato de resumo executivo:
1) Resumo do andamento em uma frase.
2) Principais riscos ou pendências em uma frase.
3) Uma mensagem curta sobre o status.
Use linguagem objetiva e concisa."
120/24,2023-948-02,"Projeto: Projeto
IDP: 2023-948-02
Status Macro: Aquisição Equipamentos PJE
Objetos: nan
Apontamentos: Sem apontamentos

Com base nestas informações, responda em formato de resumo executivo:
1) Resumo do andamento em uma frase.
2) Principais riscos ou pendências em uma frase.
3) Uma mensagem curta sobre o status.
Use linguagem objetiva e concisa."
120/24,2023-948-02,"Projeto: Projeto
IDP: 2023-948-02
Status Macro: Cadastro
Objetos: nan
Apontamentos: Sem apontamentos

Com base nestas informações, responda em formato de resumo executivo:
1) Resumo do andamento em uma frase.
2) Principais riscos ou pendências em uma frase.
3) Uma mensagem curta sobre o status.
Use linguagem objetiva e concisa."
120/24,2023-948-02,"Projeto: Projeto
IDP: 2023-948-02
Status Macro: Contratação PJE
Objetos: nan
Apontamentos: Sem apontamentos

Com base nestas informações, responda em formato de resumo executivo:
1) Resumo do andamento em uma frase.
2) Principais riscos ou pendências em uma frase.
3) Uma mensagem curta sobre o status.
Use linguagem objetiva e concisa."
120/24,2023-948-02,"Projeto: Projeto
IDP: 2023-948-02
Status Macro: Gerenciamento
Objetos: nan
Apontamentos: Sem apontamentos

Com base nestas informações, responda em formato de resumo executivo:
1) Resumo do andamento em uma frase.
2) Principais riscos ou pendências em uma frase.
3) Uma mensagem curta sobre o status.
Use linguagem objetiva e concisa."
120/24,2023-948-02,"Projeto: Projeto
IDP: 2023-948-02
Status Macro: Histórico / Legado
Objetos: nan
Apontamentos: Sem apontamentos

Com base nestas informações, responda em formato de resumo executivo:
1) Resumo do andamento em uma frase.
2) Principais riscos ou pendências em uma frase.
3) Uma mensagem curta sobre o status.
Use linguagem objetiva e concisa."
120/24,2023-948-02,"Projeto: Projeto
IDP: 2023-948-02
Status Macro: Homologação da Solução
Objetos: nan
Apontamentos: Sem apontamentos

Com base nestas informações, responda em formato de resumo executivo:
1) Resumo do andamento em uma frase.
2) Principais riscos ou pendências em uma frase.
3) Uma mensagem curta sobre o status.
Use linguagem objetiva e concisa."
120/24,2023-948-02,"Projeto: Projeto
IDP: 2023-948-02
Status Macro: Passagem de Conhecimento
Objetos: nan
Apontamentos: Sem apontamentos

Com base nestas informações, responda em formato de resumo executivo:
1) Resumo do andamento em uma frase.
2) Principais riscos ou pendências em uma frase.
3) Uma mensagem curta sobre o status.
Use linguagem objetiva e concisa."
120/24,2023-948-02,"Projeto: Projeto
IDP: 2023-948-02
Status Macro: Projeto
Objetos: nan
Apontamentos: Sem apontamentos

Com base nestas informações, responda em formato de resumo executivo:
1) Resumo do andamento em uma frase.
2) Principais riscos ou pendências em uma frase.
3) Uma mensagem curta sobre o status.
Use linguagem objetiva e concisa."
120/24,2023-948-02,"Projeto: Projeto
IDP: 2023-948-02
Status Macro: Rollout
Objetos: nan
Apontamentos: Sem apontamentos

Com base nestas informações, responda em formato de resumo executivo:
1) Resumo do andamento em uma frase.
2) Principais riscos ou pendências em uma frase.
3) Uma mensagem curta sobre o status.
Use linguagem objetiva e concisa."
1203/26,2024-0692-02,"Projeto: Projeto
IDP: 2024-0692-02
Status Macro: Homologação da Solução
Objetos: nan
Apontamentos: Sem apontamentos

Com base nestas informações, responda em formato de resumo executivo:
1) Resumo do andamento em uma frase.
2) Principais riscos ou pendências em uma frase.
3) Uma mensagem curta sobre o status.
Use linguagem objetiva e concisa."
1203/26,2024-0692-02,"Projeto: Projeto
IDP: 2024-0692-02
Status Macro: Passagem de Conhecimento
Objetos: nan
Apontamentos: Sem apontamentos

Com base nestas informações, responda em formato de resumo executivo:
1) Resumo do andamento em uma frase.
2) Principais riscos ou pendências em uma frase.
3) Uma mensagem curta sobre o status.
Use linguagem objetiva e concisa."
1205/25,2025-0378-01,"Projeto: Projeto
IDP: 2025-0378-01
Status Macro: Aquisição Equipamentos PJE
Objetos: nan
Apontamentos: Sem apontamentos

Com base nestas informações, responda em formato de resumo executivo:
1) Resumo do andamento em uma frase.
2) Principais riscos ou pendências em uma frase.
3) Uma mensagem curta sobre o status.
Use linguagem objetiva e concisa."
1205/25,2025-0378-01,"Projeto: Projeto
IDP: 2025-0378-01
Status Macro: Cadastro
Objetos: nan
Apontamentos: Sem apontamentos

Com base nestas informações, responda em formato de resumo executivo:
1) Resumo do andamento em uma frase.
2) Principais riscos ou pendências em uma frase.
3) Uma mensagem curta sobre o status.
Use linguagem objetiva e concisa."
1205/25,2025-0378-01,"Projeto: Projeto
IDP: 2025-0378-01
Status Macro: Homologação da Solução
Objetos: nan
Apontamentos: Sem apontamentos

Com base nestas informações, responda em formato de resumo executivo:
1) Resumo do andamento em uma frase.
2) Principais riscos ou pendências em uma frase.
3) Uma mensagem curta sobre o status.
Use linguagem objetiva e concisa."
1205/25,2025-0378-01,"Projeto: Projeto
IDP: 2025-0378-01
Status Macro: Passagem de Conhecimento
Objetos: nan
Apontamentos: Sem apontamentos

Com base nestas informações, responda em formato de resumo executivo:
1) Resumo do andamento em uma frase.
2) Principais riscos ou pendências em uma frase.
3) Uma mensagem curta sobre o status.
Use linguagem objetiva e concisa."
1205/25,2025-0378-01,"Projeto: Projeto
IDP: 2025-0378-01
Status Macro: Rollout
Objetos: nan
Apontamentos: Sem apontamentos

Com base nestas informações, responda em formato de resumo executivo:
1) Resumo do andamento em uma frase.
2) Principais riscos ou pendências em uma frase.
3) Uma mensagem curta sobre o status.
Use linguagem objetiva e concisa."
1227/25,2025-0407-01,"Projeto: Projeto
IDP: 2025-0407-01
Status Macro: Cadastro
Objetos: nan
Apontamentos: Sem apontamentos

Com base nestas informações, responda em formato de resumo executivo:
1) Resumo do andamento em uma frase.
2) Principais riscos ou pendências em uma frase.
3) Uma mensagem curta sobre o status.
Use linguagem objetiva e concisa."
1227/25,2025-0407-01,"Projeto: Projeto
IDP: 2025-0407-01
Status Macro: Homologação da Solução
Objetos: nan
Apontamentos: Sem apontamentos

Com base nestas informações, responda em formato de resumo executivo:
1) Resumo do andamento em uma frase.
2) Principais riscos ou pendências em uma frase.
3) Uma mensagem curta sobre o status.
Use linguagem objetiva e concisa."
1227/25,2025-0407-01,"Projeto: Projeto
IDP: 2025-0407-01
Status Macro: Passagem de Conhecimento
Objetos: nan
Apontamentos: Sem apontamentos

Com base nestas informações, responda em formato de resumo executivo:
1) Resumo do andamento em uma frase.
2) Principais riscos ou pendências em uma frase.
3) Uma mensagem curta sobre o status.
Use linguagem objetiva e concisa."
1227/25,2025-0407-01,"Projeto: Projeto
IDP: 2025-0407-01
Status Macro: Rollout
Objetos: nan
Apontamentos: Sem apontamentos

Com base nestas informações, responda em formato de resumo executivo:
1) Resumo do andamento em uma frase.
2) Principais riscos ou pendências em uma frase.
3) Uma mensagem curta sobre o status.
Use linguagem objetiva e concisa."
1230/26,2025-0026-01,"Projeto: Projeto
IDP: 2025-0026-01
Status Macro: Passagem de Conhecimento
Objetos: nan
Apontamentos: Sem apontamentos

Com base nestas informações, responda em formato de resumo executivo:
1) Resumo do andamento em uma frase.
2) Principais riscos ou pendências em uma frase.
3) Uma mensagem curta sobre o status.
Use linguagem objetiva e concisa."
1230/26,2025-0155-01,"Projeto: Projeto
IDP: 2025-0155-01
Status Macro: Aquisição Equipamentos PJE
Objetos: nan
Apontamentos: Sem apontamentos

Com base nestas informações, responda em formato de resumo executivo:
1) Resumo do andamento em uma frase.
2) Principais riscos ou pendências em uma frase.
3) Uma mensagem curta sobre o status.
Use linguagem objetiva e concisa."
1230/26,2025-0155-01,"Projeto: Projeto
IDP: 2025-0155-01
Status Macro: Cadastro
Objetos: nan
Apontamentos: Sem apontamentos

Com base nestas informações, responda em formato de resumo executivo:
1) Resumo do andamento em uma frase.
2) Principais riscos ou pendências em uma frase.
3) Uma mensagem curta sobre o status.
Use linguagem objetiva e concisa."
1230/26,2025-0155-01,"Projeto: Projeto
IDP: 2025-0155-01
Status Macro: Passagem de Conhecimento
Objetos: nan
Apontamentos: Sem apontamentos

Com base nestas informações, responda em formato de resumo executivo:
1) Resumo do andamento em uma frase.
2) Principais riscos ou pendências em uma frase.
3) Uma mensagem curta sobre o status.
Use linguagem objetiva e concisa."
1230/26,2025-0155-01,"Projeto: Projeto
IDP: 2025-0155-01
Status Macro: Projeto
Objetos: nan
Apontamentos: Sem apontamentos

Com base nestas informações, responda em formato de resumo executivo:
1) Resumo do andamento em uma frase.
2) Principais riscos ou pendências em uma frase.
3) Uma mensagem curta sobre o status.
Use linguagem objetiva e concisa."
1230/26,2025-0155-01,"Projeto: Projeto
IDP: 2025-0155-01
Status Macro: Rollout
Objetos: nan
Apontamentos: Sem apontamentos

Com base nestas informações, responda em formato de resumo executivo:
1) Resumo do andamento em uma frase.
2) Principais riscos ou pendências em uma frase.
3) Uma mensagem curta sobre o status.
Use linguagem objetiva e concisa."
1249/26,2025-0643-01,"Projeto: Projeto
IDP: 2025-0643-01
Status Macro: Aquisição Equipamentos PJE
Objetos: nan
Apontamentos: Sem apontamentos

Com base nestas informações, responda em formato de resumo executivo:
1) Resumo do andamento em uma frase.
2) Principais riscos ou pendências em uma frase.
3) Uma mensagem curta sobre o status.
Use linguagem objetiva e concisa."
1249/26,2025-0643-01,"Projeto: Projeto
IDP: 2025-0643-01
Status Macro: Contratação PJE
Objetos: nan
Apontamentos: Sem apontamentos

Com base nestas informações, responda em formato de resumo executivo:
1) Resumo do andamento em uma frase.
2) Principais riscos ou pendências em uma frase.
3) Uma mensagem curta sobre o status.
Use linguagem objetiva e concisa."
1249/26,2025-0643-01,"Projeto: Projeto
IDP: 2025-0643-01
Status Macro: Homologação da Solução
Objetos: nan
Apontamentos: Sem apontamentos

Com base nestas informações, responda em formato de resumo executivo:
1) Resumo do andamento em uma frase.
2) Principais riscos ou pendências em uma frase.
3) Uma mensagem curta sobre o status.
Use linguagem objetiva e concisa."
737/24,2024-597-01,"Projeto: Projeto
IDP: 2024-597-01
Status Macro: Aquisição Equipamentos PJE
Objetos: nan
Apontamentos: Sem apontamentos

Com base nestas informações, responda em formato de resumo executivo:
1) Resumo do andamento em uma frase.
2) Principais riscos ou pendências em uma frase.
3) Uma mensagem curta sobre o status.
Use linguagem objetiva e concisa."
737/24,2024-597-01,"Projeto: Projeto
IDP: 2024-597-01
Status Macro: Cadastro
Objetos: nan
Apontamentos: Sem apontamentos

Com base nestas informações, responda em formato de resumo executivo:
1) Resumo do andamento em uma frase.
2) Principais riscos ou pendências em uma frase.
3) Uma mensagem curta sobre o status.
Use linguagem objetiva e concisa."
737/24,2024-597-01,"Projeto: Projeto
IDP: 2024-597-01
Status Macro: Contratação PJE
Objetos: nan
Apontamentos: Sem apontamentos

Com base nestas informações, responda em formato de resumo executivo:
1) Resumo do andamento em uma frase.
2) Principais riscos ou pendências em uma frase.
3) Uma mensagem curta sobre o status.
Use linguagem objetiva e concisa."
737/24,2024-597-01,"Projeto: Projeto
IDP: 2024-597-01
Status Macro: Gerenciamento
Objetos: nan
Apontamentos: Sem apontamentos

Com base nestas informações, responda em formato de resumo executivo:
1) Resumo do andamento em uma frase.
2) Principais riscos ou pendências em uma frase.
3) Uma mensagem curta sobre o status.
Use linguagem objetiva e concisa."
737/24,2024-597-01,"Projeto: Projeto
IDP: 2024-597-01
Status Macro: Histórico / Legado
Objetos: nan
Apontamentos: Sem apontamentos

Com base nestas informações, responda em formato de resumo executivo:
1) Resumo do andamento em uma frase.
2) Principais riscos ou pendências em uma frase.
3) Uma mensagem curta sobre o status.
Use linguagem objetiva e concisa."
737/24,2024-597-01,"Projeto: Projeto
IDP: 2024-597-01
Status Macro: Homologação da Solução
Objetos: nan
Apontamentos: Sem apontamentos

Com base nestas informações, responda em formato de resumo executivo:
1) Resumo do andamento em uma frase.
2) Principais riscos ou pendências em uma frase.
3) Uma mensagem curta sobre o status.
Use linguagem objetiva e concisa."
737/24,2024-597-01,"Projeto: Projeto
IDP: 2024-597-01
Status Macro: Passagem de Conhecimento
Objetos: nan
Apontamentos: Sem apontamentos

Com base nestas informações, responda em formato de resumo executivo:
1) Resumo do andamento em uma frase.
2) Principais riscos ou pendências em uma frase.
3) Uma mensagem curta sobre o status.
Use linguagem objetiva e concisa."
737/24,2024-597-01,"Projeto: Projeto
IDP: 2024-597-01
Status Macro: Projeto
Objetos: nan
Apontamentos: Sem apontamentos

Com base nestas informações, responda em formato de resumo executivo:
1) Resumo do andamento em uma frase.
2) Principais riscos ou pendências em uma frase.
3) Uma mensagem curta sobre o status.
Use linguagem objetiva e concisa."
737/24,2024-597-01,"Projeto: Projeto
IDP: 2024-597-01
Status Macro: Rollout
Objetos: nan
Apontamentos: Sem apontamentos

Com base nestas informações, responda em formato de resumo executivo:
1) Resumo do andamento em uma frase.
2) Principais riscos ou pendências em uma frase.
3) Uma mensagem curta sobre o status.
Use linguagem objetiva e concisa."
845/24,2022-051-03,"Projeto: Projeto
IDP: 2022-051-03
Status Macro: Aquisição Equipamentos PJE
Objetos: nan
Apontamentos: Sem apontamentos

Com base nestas informações, responda em formato de resumo executivo:
1) Resumo do andamento em uma frase.
2) Principais riscos ou pendências em uma frase.
3) Uma mensagem curta sobre o status.
Use linguagem objetiva e concisa."
845/24,2022-051-03,"Projeto: Projeto
IDP: 2022-051-03
Status Macro: Cadastro
Objetos: nan
Apontamentos: Sem apontamentos

Com base nestas informações, responda em formato de resumo executivo:
1) Resumo do andamento em uma frase.
2) Principais riscos ou pendências em uma frase.
3) Uma mensagem curta sobre o status.
Use linguagem objetiva e concisa."
845/24,2022-051-03,"Projeto: Projeto
IDP: 2022-051-03
Status Macro: Gerenciamento
Objetos: nan
Apontamentos: Sem apontamentos

Com base nestas informações, responda em formato de resumo executivo:
1) Resumo do andamento em uma frase.
2) Principais riscos ou pendências em uma frase.
3) Uma mensagem curta sobre o status.
Use linguagem objetiva e concisa."
845/24,2022-051-03,"Projeto: Projeto
IDP: 2022-051-03
Status Macro: Histórico / Legado
Objetos: nan
Apontamentos: Sem apontamentos

Com base nestas informações, responda em formato de resumo executivo:
1) Resumo do andamento em uma frase.
2) Principais riscos ou pendências em uma frase.
3) Uma mensagem curta sobre o status.
Use linguagem objetiva e concisa."
845/24,2022-051-03,"Projeto: Projeto
IDP: 2022-051-03
Status Macro: Homologação da Solução
Objetos: nan
Apontamentos: Sem apontamentos

Com base nestas informações, responda em formato de resumo executivo:
1) Resumo do andamento em uma frase.
2) Principais riscos ou pendências em uma frase.
3) Uma mensagem curta sobre o status.
Use linguagem objetiva e concisa."
845/24,2022-051-03,"Projeto: Projeto
IDP: 2022-051-03
Status Macro: Passagem de Conhecimento
Objetos: nan
Apontamentos: Sem apontamentos

Com base nestas informações, responda em formato de resumo executivo:
1) Resumo do andamento em uma frase.
2) Principais riscos ou pendências em uma frase.
3) Uma mensagem curta sobre o status.
Use linguagem objetiva e concisa."
845/24,2022-051-03,"Projeto: Projeto
IDP: 2022-051-03
Status Macro: Projeto
Objetos: nan
Apontamentos: Sem apontamentos

Com base nestas informações, responda em formato de resumo executivo:
1) Resumo do andamento em uma frase.
2) Principais riscos ou pendências em uma frase.
3) Uma mensagem curta sobre o status.
Use linguagem objetiva e concisa."
845/24,2022-051-03,"Projeto: Projeto
IDP: 2022-051-03
Status Macro: Rollout
Objetos: nan
Apontamentos: Sem apontamentos

Com base nestas informações, responda em formato de resumo executivo:
1) Resumo do andamento em uma frase.
2) Principais riscos ou pendências em uma frase.
3) Uma mensagem curta sobre o status.
Use linguagem objetiva e concisa."
875/25,2023-934-01,"Projeto: Projeto
IDP: 2023-934-01
Status Macro: Passagem de Conhecimento
Objetos: nan
Apontamentos: Sem apontamentos

Com base nestas informações, responda em formato de resumo executivo:
1) Resumo do andamento em uma frase.
2) Principais riscos ou pendências em uma frase.
3) Uma mensagem curta sobre o status.
Use linguagem objetiva e concisa."
Aguardando Cadastro,2026-0010-01,"Projeto: Projeto
IDP: 2026-0010-01
Status Macro: Cadastro
Objetos: nan
Apontamentos: Sem apontamentos

Com base nestas informações, responda em formato de resumo executivo:
1) Resumo do andamento em uma frase.
2) Principais riscos ou pendências em uma frase.
3) Uma mensagem curta sobre o status.
Use linguagem objetiva e concisa."
Aguardando Cadastro,2026-0010-01,"Projeto: Projeto
IDP: 2026-0010-01
Status Macro: Passagem de Conhecimento
Objetos: nan
Apontamentos: Sem apontamentos

Com base nestas informações, responda em formato de resumo executivo:
1) Resumo do andamento em uma frase.
2) Principais riscos ou pendências em uma frase.
3) Uma mensagem curta sobre o status.
Use linguagem objetiva e concisa."
BANCO DA AMAZÔNIA SA,2026-0025-01,"Projeto: Projeto
IDP: 2026-0025-01
Status Macro: Cadastro
Objetos: nan
Apontamentos: Sem apontamentos

Com base nestas informações, responda em formato de resumo executivo:
1) Resumo do andamento em uma frase.
2) Principais riscos ou pendências em uma frase.
3) Uma mensagem curta sobre o status.
Use linguagem objetiva e concisa."
BANCO DO BRASIL REDE MAN SP,2025-0813-01,"Projeto: Projeto
IDP: 2025-0813-01
Status Macro: Passagem de Conhecimento
Objetos: nan
Apontamentos: Sem apontamentos

Com base nestas informações, responda em formato de resumo executivo:
1) Resumo do andamento em uma frase.
2) Principais riscos ou pendências em uma frase.
3) Uma mensagem curta sobre o status.
Use linguagem objetiva e concisa."
BASA Multisserviço MPLS + Dedicada,2026-0025-0,"Projeto: Projeto
IDP: 2026-0025-0
Status Macro: Cadastro
Objetos: nan
Apontamentos: Sem apontamentos

Com base nestas informações, responda em formato de resumo executivo:
1) Resumo do andamento em uma frase.
2) Principais riscos ou pendências em uma frase.
3) Uma mensagem curta sobre o status.
Use linguagem objetiva e concisa."
CESAN,2025-0971-01,"Projeto: Projeto
IDP: 2025-0971-01
Status Macro: Aquisição Equipamentos PJE
Objetos: nan
Apontamentos: Sem apontamentos

Com base nestas informações, responda em formato de resumo executivo:
1) Resumo do andamento em uma frase.
2) Principais riscos ou pendências em uma frase.
3) Uma mensagem curta sobre o status.
Use linguagem objetiva e concisa."
CESAN,2025-0971-01,"Projeto: Projeto
IDP: 2025-0971-01
Status Macro: Cadastro
Objetos: nan
Apontamentos: Sem apontamentos

Com base nestas informações, responda em formato de resumo executivo:
1) Resumo do andamento em uma frase.
2) Principais riscos ou pendências em uma frase.
3) Uma mensagem curta sobre o status.
Use linguagem objetiva e concisa."
CESAN,2025-0971-01,"Projeto: Projeto
IDP: 2025-0971-01
Status Macro: Contratação PJE
Objetos: nan
Apontamentos: Sem apontamentos

Com base nestas informações, responda em formato de resumo executivo:
1) Resumo do andamento em uma frase.
2) Principais riscos ou pendências em uma frase.
3) Uma mensagem curta sobre o status.
Use linguagem objetiva e concisa."
CESAN,2025-0971-01,"Projeto: Projeto
IDP: 2025-0971-01
Status Macro: Gerenciamento
Objetos: nan
Apontamentos: Sem apontamentos

Com base nestas informações, responda em formato de resumo executivo:
1) Resumo do andamento em uma frase.
2) Principais riscos ou pendências em uma frase.
3) Uma mensagem curta sobre o status.
Use linguagem objetiva e concisa."
CESAN,2025-0971-01,"Projeto: Projeto
IDP: 2025-0971-01
Status Macro: Histórico / Legado
Objetos: nan
Apontamentos: Sem apontamentos

Com base nestas informações, responda em formato de resumo executivo:
1) Resumo do andamento em uma frase.
2) Principais riscos ou pendências em uma frase.
3) Uma mensagem curta sobre o status.
Use linguagem objetiva e concisa."
CESAN,2025-0971-01,"Projeto: Projeto
IDP: 2025-0971-01
Status Macro: Homologação da Solução
Objetos: nan
Apontamentos: Sem apontamentos

Com base nestas informações, responda em formato de resumo executivo:
1) Resumo do andamento em uma frase.
2) Principais riscos ou pendências em uma frase.
3) Uma mensagem curta sobre o status.
Use linguagem objetiva e concisa."
CESAN,2025-0971-01,"Projeto: Projeto
IDP: 2025-0971-01
Status Macro: Passagem de Conhecimento
Objetos: nan
Apontamentos: Sem apontamentos

Com base nestas informações, responda em formato de resumo executivo:
1) Resumo do andamento em uma frase.
2) Principais riscos ou pendências em uma frase.
3) Uma mensagem curta sobre o status.
Use linguagem objetiva e concisa."
CESAN,2025-0971-01,"Projeto: Projeto
IDP: 2025-0971-01
Status Macro: Projeto
Objetos: nan
Apontamentos: Sem apontamentos

Com base nestas informações, responda em formato de resumo executivo:
1) Resumo do andamento em uma frase.
2) Principais riscos ou pendências em uma frase.
3) Uma mensagem curta sobre o status.
Use linguagem objetiva e concisa."
CESAN,2025-0971-01,"Projeto: Projeto
IDP: 2025-0971-01
Status Macro: Rollout
Objetos: nan
Apontamentos: Sem apontamentos

Com base nestas informações, responda em formato de resumo executivo:
1) Resumo do andamento em uma frase.
2) Principais riscos ou pendências em uma frase.
3) Uma mensagem curta sobre o status.
Use linguagem objetiva e concisa."
COMPANHIA DOCAS DO PARA,2025-0643-01,"Projeto: Projeto
IDP: 2025-0643-01
Status Macro: Passagem de Conhecimento
Objetos: nan
Apontamentos: Sem apontamentos

Com base nestas informações, responda em formato de resumo executivo:
1) Resumo do andamento em uma frase.
2) Principais riscos ou pendências em uma frase.
3) Uma mensagem curta sobre o status.
Use linguagem objetiva e concisa."
Cadastrar,2025-0229-01,"Projeto: Projeto
IDP: 2025-0229-01
Status Macro: Rollout
Objetos: nan
Apontamentos: Sem apontamentos

Com base nestas informações, responda em formato de resumo executivo:
1) Resumo do andamento em uma frase.
2) Principais riscos ou pendências em uma frase.
3) Uma mensagem curta sobre o status.
Use linguagem objetiva e concisa."
Cadastrar,2025-0698-01,"Projeto: Projeto
IDP: 2025-0698-01
Status Macro: Rollout
Objetos: nan
Apontamentos: Sem apontamentos

Com base nestas informações, responda em formato de resumo executivo:
1) Resumo do andamento em uma frase.
2) Principais riscos ou pendências em uma frase.
3) Uma mensagem curta sobre o status.
Use linguagem objetiva e concisa."
Cadastrar,2025-0971-01,"Projeto: Projeto
IDP: 2025-0971-01
Status Macro: Cadastro
Objetos: nan
Apontamentos: Sem apontamentos

Com base nestas informações, responda em formato de resumo executivo:
1) Resumo do andamento em uma frase.
2) Principais riscos ou pendências em uma frase.
3) Uma mensagem curta sobre o status.
Use linguagem objetiva e concisa."
CÂMARA DOS DEPUTADOS,2025-0588-01,"Projeto: Projeto
IDP: 2025-0588-01
Status Macro: Passagem de Conhecimento
Objetos: nan
Apontamentos: Sem apontamentos

Com base nestas informações, responda em formato de resumo executivo:
1) Resumo do andamento em uma frase.
2) Principais riscos ou pendências em uma frase.
3) Uma mensagem curta sobre o status.
Use linguagem objetiva e concisa."
PRODEST ES,2025-0698-01,"Projeto: Projeto
IDP: 2025-0698-01
Status Macro: Passagem de Conhecimento
Objetos: nan
Apontamentos: Sem apontamentos

Com base nestas informações, responda em formato de resumo executivo:
1) Resumo do andamento em uma frase.
2) Principais riscos ou pendências em uma frase.
3) Uma mensagem curta sobre o status.
Use linguagem objetiva e concisa."
SEDUC MS - ADITIVO,2024-597-02,"Projeto: Projeto
IDP: 2024-597-02
Status Macro: Aquisição Equipamentos PJE
Objetos: nan
Apontamentos: Sem apontamentos

Com base nestas informações, responda em formato de resumo executivo:
1) Resumo do andamento em uma frase.
2) Principais riscos ou pendências em uma frase.
3) Uma mensagem curta sobre o status.
Use linguagem objetiva e concisa."
SEDUC MS - ADITIVO,2024-597-02,"Projeto: Projeto
IDP: 2024-597-02
Status Macro: Cadastro
Objetos: nan
Apontamentos: Sem apontamentos

Com base nestas informações, responda em formato de resumo executivo:
1) Resumo do andamento em uma frase.
2) Principais riscos ou pendências em uma frase.
3) Uma mensagem curta sobre o status.
Use linguagem objetiva e concisa."
SEDUC MS - ADITIVO,2024-597-02,"Projeto: Projeto
IDP: 2024-597-02
Status Macro: Contratação PJE
Objetos: nan
Apontamentos: Sem apontamentos

Com base nestas informações, responda em formato de resumo executivo:
1) Resumo do andamento em uma frase.
2) Principais riscos ou pendências em uma frase.
3) Uma mensagem curta sobre o status.
Use linguagem objetiva e concisa."
TRE-SP,2025-0599-01,"Projeto: Projeto
IDP: 2025-0599-01
Status Macro: Cadastro
Objetos: nan
Apontamentos: Sem apontamentos

Com base nestas informações, responda em formato de resumo executivo:
1) Resumo do andamento em uma frase.
2) Principais riscos ou pendências em uma frase.
3) Uma mensagem curta sobre o status.
Use linguagem objetiva e concisa."
TRE-SP,2025-0599-01,"Projeto: Projeto
IDP: 2025-0599-01
Status Macro: Passagem de Conhecimento
Objetos: nan
Apontamentos: Sem apontamentos

Com base nestas informações, responda em formato de resumo executivo:
1) Resumo do andamento em uma frase.
2) Principais riscos ou pendências em uma frase.
3) Uma mensagem curta sobre o status.
Use linguagem objetiva e concisa."
TRE-SP SDWAN,2025-0599-01,"Projeto: Projeto
IDP: 2025-0599-01
Status Macro: Passagem de Conhecimento
Objetos: nan
Apontamentos: Sem apontamentos

Com base nestas informações, responda em formato de resumo executivo:
1) Resumo do andamento em uma frase.
2) Principais riscos ou pendências em uma frase.
3) Uma mensagem curta sobre o status.
Use linguagem objetiva e concisa."
TRE-SP SDWAN,2025-0599-01,"Projeto: Projeto
IDP: 2025-0599-01
Status Macro: Projeto
Objetos: nan
Apontamentos: Sem apontamentos

Com base nestas informações, responda em formato de resumo executivo:
1) Resumo do andamento em uma frase.
2) Principais riscos ou pendências em uma frase.
3) Uma mensagem curta sobre o status.
Use linguagem objetiva e concisa."
